dtheta,dbeta,E_opt,cost,opt,nfev
-0.0028072193539365525,0.006594142194633101,91.14468239198438,0.002816604283941245,0.0019928204641672664,19
